縣市別,鄉鎮市區別,診所名稱,診所地址,診所電話
新北市,三重區,九如聯合診所,新北市三重區仁愛街753號,02-28575600
彰化縣,二林鎮,二林綜祐診所,彰化縣二林鎮中正路6號,04-8952991
新北市,蘆洲區,人安診所,新北市蘆洲區民權路133號1樓,02-22881661
基隆市,中正區,八斗子診所,基隆市中正區北寧路378之1號2樓,02-24698789
臺中市,大甲區,力倫診所,臺中市大甲區蔣公路246號,04-26805889
新北市,三芝區,三芝彭小兒科診所,臺中市大甲區蔣公路246號,02-26369622
新北市,三重區,三重祥安診所,新北市三重區三和路四段374號,02-22808558
臺南市,仁德區,三華診所,臺南市仁德區太子路142號,06-2731826
新北市,樹林區,三樹金鶯診所,新北市樹林區學成路600號,02-26807101
臺南市,西港區,千日好診所,臺南市西港區中山路350號,06-7954509
臺中市,大甲區,大元診所,台中市大甲區順天路136號,04-26802250
嘉義市,東區,大心診所,嘉義市東區吳鳳北路116號,05-2279237
臺南市,北門區,大立診所,臺南市北門區北門里72號,06-7860090
臺北市,大同區,大同耳鼻喉科診所,臺北市大同區重慶北路三段250之4號,02-25975833
新北市,三重區,大有診所,新北市三重區中正北路374號1樓,02-29834567
高雄市,大寮區,大承耳鼻喉科診所,高雄市大寮區鳳屏一路466號,07-7013668
高雄市,鳳山區,大欣診所,高雄市鳳山區文化路25號,07-7993009
臺北市,中山區,大直佳恩診所,臺北市中山區北安路591號,02-25323301
臺北市,中山區,大直診所,臺北市中山區北安路595巷2弄2號,02-25332339
桃園市,大溪區,大桃園耳鼻喉科診所,桃園市大溪區康莊路100號1樓,03-3870976
高雄市,前金區,大郭診所,高雄市前金區成功一路412號,07-2412233
臺北市,內湖區,大湖診所,臺北市內湖區成功路四段366號,02-27906002
桃園市,桃園區,大順診所,桃園市桃園區南平路302之3號,03-3167585
臺東縣,臺東市,大慶家醫科外科診所,臺東縣臺東市中山路267號,08-9322221
臺中市,沙鹿區,小太陽小兒科診所,臺中市沙鹿區鎮南路二段631號,04-26365757
臺東縣,臺東市,小太陽小兒科診所,臺東縣臺東市光明路124號,089-349106
屏東縣,屏東市,小太陽兒科聯合診所,屏東縣屏東市建豐路169號,08-7379591
雲林縣,斗六市,小幼苗小兒科診所,雲林縣斗六市中山路311號,05-5362982
雲林縣,斗南鎮,小熊小兒科診所,雲林縣斗南鎮南昌路140號,05-5966775
臺中市,大甲區,小熊的森林診所,台中市大甲區三民路132號,04-26805060
新北市,新莊區,中心診所,新北市新莊區中港路321號,02-22765992
新北市,新莊區,中平耳鼻喉科診所,新北市新莊區中平路29號,02-29977307
花蓮縣,花蓮市,中正診所,花蓮縣花蓮市中正路172號,03-8316655
新北市,中和區,中和重慶耳鼻喉科診所,新北市中和區中和路127號1、2樓,02-22426600
彰化縣,大村鄉,五行診所,彰化縣大村鄉村山腳路2-27號,04-8527603
新北市,五股區,五股水碓診所,新北市五股區自強路36號1樓,02-22921516
高雄市,仁武區,仁雄診所,高雄市仁武區仁雄路15-1號,07-3741298
基隆市,仁愛區,仁愛診所,基隆市仁愛區孝三路80號,02-24223255
新北市,三重區,介壽耳鼻喉科診所,新北市三重區正義北路255號,02-29810089
桃園市,八德區,介壽診所,桃園市八德區介壽路一段865號,03-3677787
新北市,中和區,友善宜安診所,新北市中和區保健路73巷7號,02-29438533
臺南市,玉井區,双美診所,臺南市玉井區太子街39巷8號,06-5746996
新北市,三重區,天亮耳鼻喉科,新北市三重區中正北路314號,02-89813431
彰化縣,花壇鄉,天祐診所,彰化縣花壇鄉花壇街112號1樓,04-7883678
雲林縣,虎尾鎮,太安診所,雲林縣虎尾鎮公安路178-18號1樓,05-6326650
高雄市,小港區,孔鳳診所,高雄市小港區孔鳳路571號,07-7910311
臺東縣,臺東市,尤憲明內科小兒科診所,臺東縣臺東市中華路一段396號,089-323306
臺北市,大安區,尹書田醫療財團法人書田泌尿科眼科診所,臺北市大安區建國南路二段276號,02-23690211
桃園市,平鎮區,文化診所,桃園市平鎮區文化街92號1-2樓,03-4951689
臺北市,北投區,文遠診所,臺北市北投區石牌路二段346號1、2樓,02-28739991
高雄市,鳳山區,文衡診所,高雄市鳳山區文衡路344號,07-7768185
桃園市,桃園區,日出親子診所,桃園市桃園區中山路824號1樓、826號1樓,03-3787876
新北市,淡水區,水碓瑞安診所,新北市淡水區北新路182巷61號,02-26203669
新竹縣,竹東鎮,王尹弘耳鼻喉科診所,新竹縣竹東鎮長春路三段5號,03-5941175
臺北市,文山區,王令時內科診所,臺北市文山區興隆路二段200號,02-29326912
基隆市,仁愛區,王孟俊診所,基隆市仁愛區南榮路143號,02-24293128
新北市,中和區,王俊傑診所,新北市中和區中安街8號,02-29293636
臺北市,松山區,王俊彰耳鼻喉科診所,臺北市松山區民生東路五段17號,02-27665698
高雄市,苓雅區,王勇智耳鼻喉科診所,高雄市苓雅區四維二路247號,07-7253460
臺南市,北區,王界三小兒科診所,臺南市北區文賢路1068號,06-3583770
臺中市,南屯區,主悅診所,臺中市南屯區干城街269號,04-22540711
新北市,三峽區,北大小兒科診所,新北市三峽區大學路87號2樓,02-26718080
嘉義縣,中埔鄉,台大佳醫診所,嘉義縣中埔鄉金蘭村頂山門34-51號,05-2399199
臺北市,北投區,台北欣安耳鼻喉科診所,臺北市北投區石牌路一段152號,02-28210501
雲林縣,麥寮鄉,台全診所,雲林縣麥寮鄉新興路16號,05-6930099
新竹市,北區,台安耳鼻喉科診所,新竹市北區北大路466號,03-5246069
高雄市,鳳山區,台安診所,高雄市鳳山區雙慈街26號,07-7410268
臺中市,西屯區,平安診所,臺中市西屯區大墩路917-1號,04-23277206
南投縣,南投市,幼安小兒科診所,南投縣南投市民族路243號,049-2206706
新北市,樹林區,幼安聯合診所,新北市樹林區鎮前街26號,02-26817700
新北市,深坑區,幼恩診所,新北市深坑區北深路三段173號,02-26625951
新北市,蘆洲區,弘一診所,新北市蘆洲區重陽街82號,02-82860000
新北市,汐止區,弘人小兒科診所,新北市汐止區福德二路152號,02-26932439
新北市,泰山區,弘森診所,新北市泰山區明志路一段257號,02-29090568
臺中市,太平區,弘鑫耳鼻喉科診所,臺中市太平區樹孝路202號,04-23933595
新北市,蘆洲區,本一診所,新北市蘆洲區長榮路43-1號,02-22836622
新北市,三重區,正興診所,新北市三重區正義北路113號,02-29861235
臺南市,六甲區,民生診所,臺南市六甲區六甲里中正路531號,06-6986015
新北市,蘆洲區,民族診所,新北市蘆洲區民族路53號,02-82857866
新北市,泰山區,永安診所,新北市泰山區仁愛路112-2號,02-85318184
新北市,泰山區,永旭診所,新北市泰山區仁愛路88號1樓,02-22979722
臺北市,南港區,永育診所,臺北市南港區福德街320之2號,02-27850700
臺北市,中山區,永育樂群診所,臺北市中山區樂群二路210之2號1樓,02-85012268
桃園市,龜山區,永樂耳鼻喉科診所,桃園市龜山區萬壽路1段107號1樓、109號1樓,02-82000580
屏東縣,鹽埔鄉,永興診所,屏東縣鹽埔鄉振興村中正路54號,08-7021343
臺南市,六甲區,甲和診所,臺南市六甲區六甲里建國街74號,06-6991393
臺南市,安平區,石門診所,臺南市安平區安平路21號,06-2242666
金門縣,金城鎮,禾心診所,金門縣金城鎮北門里民生路9-7號,082-322180
高雄市,苓雅區,立佳診所,高雄市苓雅區輔仁路149號,07-7710966
花蓮縣,吉安鄉,光鹽診所,花蓮縣吉安鄉慶豐村中山路三段281號,03-8534305
桃園市,觀音區,全心診所,桃園市觀音區大觀路二段182號1樓,03-4834783
基隆市,中正區,合成診所,基隆市中正區祥豐街205號,02-24632532
新北市,三重區,吉田診所,新北市三重區中正北路174-7號,02-29845093
宜蘭縣,五結鄉,吉祥診所,宜蘭縣五結鄉五結中路二段23-1號,03-9604853
桃園市,龍潭區,同安親子診所,桃園市龍潭區中正路284號,03-4707278
臺南市,新營區,同慶診所,臺南市新營區三民路37之6號,06-6323566
臺中市,梧棲區,安心診所,臺中市梧棲區港埠路一段1115號,04-26562059
新北市,新店區,安立診所,新北市新店區北宜路二段28號1樓,02-22177669
彰化縣,溪湖鎮,安泓耳鼻喉專科診所,彰化縣溪湖鎮彰水路三段492號,04-8828119
新北市,新店區,安倍診所,新北市新店區中正路132號,02-89119181
新北市,中和區,安祐診所,新北市中和區景新街401號1、2樓,02-86681070
臺南市,白河區,安聯診所,臺南市白河區富民路62號,06-6852555
臺中市,大里區,安聲耳鼻喉科診所,臺中市大里區大里路98-5號,04-24852301
南投縣,國姓鄉,安鴻診所,南投縣國姓鄉石門村中興路130號,049-2722778
南投縣,埔里鎮,安麗小兒科內科診所,南投縣埔里鎮中山路二段262號,049-2991030
基隆市,中正區,安瀾診所,基隆市中正區中正路197號,02-24623389
臺北市,內湖區,成安耳鼻喉科診所,臺北市內湖區成功路4段61巷10號,02-27935940
新北市,板橋區,成安診所,新北市板橋區重慶路308巷2號,02-29588182
新北市,五股區,成洲診所,新北市五股區凌雲路一段73號,02-22919463
新北市,永和區,旭恩小兒科診所,新北市永和區中山路一段172號,02-29220217
臺中市,西屯區,朱永成耳鼻喉科診所,臺中市西屯區西屯路三段159之55號,04-24618421
臺中市,北區,朱永昌內科小兒科診所,臺中市北區三民路三段210之10號,04-22253269
桃園市,龜山區,朱永恆診所,桃園市龜山區中興路353號,03-3508182
新竹縣,湖口鄉,朱先營診所,新竹縣湖口鄉中正路一段27號,03-5998325
高雄市,鼓山區,朱光興診所,高雄市鼓山區文信路256號1樓,07-5223188
新北市,三重區,江村聯合診所,新北市三重區重新路三段7號,02-29821515
澎湖縣,馬公市,江明儒耳鼻喉科診所,澎湖縣馬公市大勇街65號,06-9276768
花蓮縣,花蓮市,江洱診所,花蓮縣花蓮市建國路252號,03-8311717
花蓮縣,吉安鄉,自強耳鼻喉科診所,花蓮縣吉安鄉北昌村自強路568號,03-8561277
新北市,三重區,至安診所,新北市三重區重安街6號,02-29773835
新竹縣,竹北市,艾兒診所,新竹縣竹北市福興東路二段140號,03-6586699
新北市,三重區,艾樂堡診所,新北市三重區集賢路63之1號,02-82875777
基隆市,七堵區,西華診所,基隆市七堵區百三街29號,02-24512942
新北市,中和區,佑欣診所,新北市中和區興南路一段90號１樓,02-86685811
新北市,新店區,何耳鼻喉科診所,新北市新店區北新路3段138號1樓,02-29132269
新北市,樹林區,何廷裕小兒科診所,新北市樹林區日新街34號,02-26756789
臺中市,沙鹿區,何秋燕皮膚科診所,臺中市沙鹿區沙田路53之5號,04-26362982
桃園市,桃園區,何翊菁診所,桃園市桃園區中埔六街123號,03-3551192
彰化縣,彰化市,余偉傑小兒科診所,彰化縣彰化市曉陽路188號,04-7289786
臺中市,豐原區,吳志修耳鼻喉科診所,臺中市豐原區中山路347號,04-25120295
新北市,永和區,吳宗坡耳鼻喉科診所,新北市永和區得和路381號,02-86603386
高雄市,岡山區,吳宗慶診所,高雄市岡山區中山北路47號,07-6229828
苗栗縣,苗栗市,吳昆展小兒科診所,苗栗縣苗栗市中正路71號,037-265532
宜蘭縣,蘇澳鎮,吳昌達診所,宜蘭縣蘇澳鎮海邊路141號,03-9955976
臺中市,西區,吳東洀小兒科診所,臺中市西區美村路一段362號,04-23029672
新北市,板橋區,吳建明小兒科診所,新北市板橋區四川路二段245巷46號,02-89670670
新竹縣,新豐鄉,吳家仁小兒科診所,新竹縣新豐鄉新興路245號,03-5575302
彰化縣,彰化市,吳桂芬診所,彰化縣彰化市民生路161號1樓,04-7280638
高雄市,前鎮區,吳泰成耳鼻喉科診所,高雄市前鎮區林森三路150號,07-3361136
臺南市,安平區,吳國堯小兒科診所,臺南市安平區文平路438號,06-2933358
桃園市,桃園區,吳鎮宇親子耳鼻喉科診所,桃園市桃園區中山路824號1樓、826號1樓,03-3787876
屏東縣,東港鎮,宋耳鼻喉科診所,屏東縣東港鎮光復路二段88號,08-8353681
彰化縣,鹿港鎮,宏文小兒科診所,彰化縣鹿港鎮龍山里中山路3-1號,04-7779489
高雄市,楠梓區,宏生診所,高雄市楠梓區樂群街179巷2號,07-3619412
新北市,三重區,宏生診所,新北市三重區五華街72號,02-29819948
苗栗縣,竹南鎮,宏安診所,苗栗縣竹南鎮光復路265號,03-7466958
雲林縣,斗南鎮,宏佑診所,雲林縣斗南鎮文元街86號,05-5950456
彰化縣,花壇鄉,志元診所,彰化縣花壇鄉長沙村中正路118號,04-7878892
臺北市,萬華區,快樂兒童診所,臺北市萬華區寶興街121號,02-23328610
臺東縣,臺東市,李文正內科診所,臺東縣臺東市中正路295號,089-323920
臺北市,南港區,李文珍小兒科診所,臺北市南港區研究院路二段74號,02-26511871
臺中市,大里區,李文軒耳鼻喉科診所,臺中市大里區益民路二段271號,04-24872898
基隆市,仁愛區,李任堅小兒科診所,基隆市仁愛區孝一路86號,02-24269096
新北市,淡水區,李兆然家醫科診所,新北市淡水區學府路18號,02-26299833
臺南市,安南區,李宗勳耳鼻喉科診所,臺南市安南區海佃路一段282號,06-2502345
桃園市,桃園區,李柏鋒診所,桃園市桃園區中山路807號,03-2207480
基隆市,安樂區,李偉華耳鼻喉科診所,基隆市安樂區安樂路二段179號1樓,02-24348535
新北市,板橋區,李連成耳鼻喉科診所,新北市板橋區雙十路二段162號,02-22505752
臺南市,中西區,李朝泰小兒科診所,臺南市中西區成功路319號,06-2256618
宜蘭縣,宜蘭市,李碧峰小兒科診所,宜蘭市中山路三段29號,03-9356288
臺北市,大安區,杏保醫網信誠診所,臺北市大安區信義路四段197號1、2樓,02-27068208
臺東縣,太麻里鄉,杏歆診所,臺東縣太麻里鄉太麻里街253號,089-783018
高雄市,左營區,沈嘉充診所,高雄市左營區中華一路5號,07-5851778
新北市,淡水區,沐恩診所,新北市淡水區濱海路一段143號1樓,02-26299777
花蓮縣,秀林鄉,秀林鄉衛生所,花蓮縣秀林鄉秀林村12鄰秀林路88號,03-8612122
臺中市,北區,秀慧診所,臺中市北區忠太東路58-12號,04-22031830
臺東縣,臺東市,育生小兒科診所,臺東縣臺東市中山路244號,089-345304
新北市,汐止區,育和診所,新北市汐止區中正路31號,02-26486803
彰化縣,員林市,育英診所,彰化縣員林市育英路37-12號,04-8331458
臺北市,內湖區,育睿診所,臺北市內湖區內湖路一段217巷35號,02-26560801
苗栗縣,苑裡鎮,良宜診所,苗栗縣苑裡鎮建國路106號,037-860937
臺北市,松山區,車參薇小兒科診所,臺北市松山區八德路3段195號1樓,02-25770101
臺中市,南屯區,邢志宇耳鼻喉科診所,臺中市南屯區南屯路二段252號,04-24735806
花蓮縣,玉里鎮,里安診所,花蓮縣玉里鎮復興街28號,03-8883232
臺中市,西區,阮春閔小兒科診所,臺中市西區南屯路一段148號,04-23757456
臺南市,永康區,阮嵩翔耳鼻喉科診所,臺南市永康區大灣路930號,06-2728333
新北市,萬里區,享悅診所,新北市萬里區瑪鋉路34號,02-24928190
臺南市,新市區,佳安小兒科,臺南市新市區中正路331號,06-5995234
臺南市,佳里區,佳安診所,臺南市佳里區中山路188號,06-7237768
臺中市,潭子區,佳佑診所,臺中市潭子區勝利路319號,04-25336888
花蓮縣,花蓮市,佳佳診所,花蓮縣花蓮市中山路142之7號,03-8337437
高雄市,大寮區,佳和耳鼻喉科診所,高雄市大寮區鳳林三路516號,07-7821500
桃園市,蘆竹區,佳音小兒科診所,桃園市蘆竹區中正路359號,03-3127553
桃園市,中壢區,佳國耳鼻喉科診所,桃園市中壢區中北路47號1樓,03-4664735
臺中市,西區,佳慶診所,臺中市西區東興路三段272之1號,04-23208989
桃園市,龜山區,卓越耳鼻喉科診所,桃園市龜山區萬壽路1段107號1樓、109號1樓,02-82000580
臺南市,仁德區,協和家醫科診所,臺南市仁德區中正路三段79號,06-2701507
新北市,板橋區,周耳鼻喉科診所,新北市板橋區文化路2段5號1樓,02-22525158
花蓮縣,花蓮市,周耳鼻喉科診所,花蓮縣花蓮市中山路747號,03-8568801
澎湖縣,馬公市,周明河小兒科診所,澎湖縣馬公市陽明路33號,06-9264080
高雄市,三民區,和平醫療社團法人進興診所,高雄市三民區九如一路171號,07-3869559
屏東縣,鹽埔鄉,和生診所,屏東縣鹽埔鄉維新路72-2號,08-7938202
花蓮縣,吉安鄉,和田小兒科診所,花蓮縣吉安鄉建國路二段229號1樓,03-8576822
屏東縣,長治鄉,和合診所,屏東縣長治鄉長興路132號,08-7381258
新北市,板橋區,和安診所,新北市板橋區四維路313號,02-22578133
臺中市,北區,和康耳鼻喉科診所,臺中市北區健行路870-1號1樓,04-22035185
臺東縣,臺東市,和意診所,臺東縣臺東市四維路三段30號,089-220727
臺中市,西屯區,和賢耳鼻喉科診所,臺中市西屯區中清路二段1386巷23號,04-24261802
臺北市,中山區,固亷診所,臺北市中山區北安路613號,02-25323036
嘉義縣,太保市,定安診所,嘉義縣太保市南新里中山路一段311-5號,05-2371777
高雄市,大寮區,宜和內兒科診所,高雄市大寮區鳳林三路341號,07-7816825
嘉義縣,朴子市,尚群診所,嘉義縣朴子市海通路98之8號,05-3705678
宜蘭縣,礁溪鄉,岳成診所,宜蘭縣礁溪鄉中山路1段120號,03-9876586
臺中市,南屯區,忠勇診所,臺中市南屯區忠勇路67之3號1、2樓,04-23826625
新北市,樹林區,念生耳鼻喉科診所,新北市樹林區文化街45號1樓,02-26751099
新北市,鶯歌區,怡兒診所,新北市鶯歌區建國路173號,02-26707200
嘉義縣,新港鄉,昌模小兒科診所,嘉義縣新港鄉福德路20號,05-3740369
新北市,三重區,明安耳鼻喉科診所,新北市三重區正義北路54號,02-29862228
新北市,林口區,明揚診所,新北市林口區中山路192號,02-26035801
高雄市,小港區,明義診所,高雄市小港區孔鳳路542號,07-7916959
彰化縣,二林鎮,明穎耳鼻喉科診所,彰化縣二林鎮仁愛路676號,04-8969662
臺北市,信義區,松仁耳鼻喉科診所,臺北市信義區松仁路231號,02-87808580
新北市,林口區,林口微笑親子耳鼻喉科診所,新北市林口區文化三路一段419號1樓、421號1樓,02-26000515
臺中市,豐原區,林大丕小兒科診所,臺中市豐原區三民路130號,04-25282345
臺南市,南區,林大傑耳鼻喉科診所,臺南市南區金華路二段171號,06-2915660
高雄市,苓雅區,林文樹小兒科內科診所,高雄市苓雅區武慶三路89號,07-7611286
新北市,板橋區,林弘揚耳鼻喉科,新北市板橋區陽明街295號,02-82513878
新北市,板橋區,林弘揚耳鼻喉科健康家庭醫學科聯合診所,新北市板橋區陽明街295號,02-82513878
臺北市,內湖區,林永正診所,臺北市內湖區康樂街130號,02-26315567
新北市,三重區,林永權耳鼻喉科診所,新北市三重區三陽路32號,02-29714526
臺中市,清水區,林玉彪診所,臺中市清水區光華路135號,04-26233880
新竹市,東區,林安復耳鼻喉科診所,新竹市東區中華路二段159號,03-5355890
宜蘭縣,宜蘭市,林耳鼻喉科診所,宜蘭縣宜蘭市中山路三段233號,03-9311234
臺中市,南屯區,林耳鼻喉科診所,臺中市南屯區東興路2段50號,04-24751525
嘉義市,東區,林育興耳鼻喉科診所,嘉義市東區吳鳳北路133號,05-2288568
臺中市,南區,林忠立診所,臺中市南區美村南路58號,04-22619948
基隆市,中正區,林承興診所,基隆市中正區北寧路319號,02-24697639
屏東縣,屏東市,林長興診所,屏東縣屏東市廣東路72號,08-7236266
桃園市,中壢區,林浩健診所,桃園市中壢區中央西路2段231-2號,03-4925866
臺中市,大雅區,林釗尚小兒科診所,臺中市大雅區大雅路151號,04-25600313
新北市,板橋區,林國本耳鼻喉科診所,新北市板橋區文聖街6號,02-22557445
新北市,淡水區,林得時婦產科診所,新北市淡水區中山路14號,02-26220695
新北市,新莊區,林復森耳鼻喉科診所,新北市新莊區民安路220號,02-22011378
新竹市,北區,林敬堯親子診所,新竹市北區湳雅街120號,03-5350123
高雄市,鳳山區,林誓揚診所,高雄市鳳山區經武路18號,07-7482228
臺中市,西屯區,林鴻任耳鼻喉科診所,臺中市西屯區青海路一段116號,04-23111518
臺南市,永康區,林獻諒小兒科診所,臺南市永康區中華路347號,06-3134761
花蓮縣,光復鄉,花蓮縣光復鄉衛生所,花蓮縣光復鄉大馬村中學街158號,03-8701114
花蓮縣,富里鄉,花蓮縣富里鄉衛生所,花蓮縣富里鄉中山路203號,03-8831029
花蓮縣,新城鄉,花蓮縣新城鄉衛生所,花蓮縣新城鄉北埔村北埔路160號,03-8266781
花蓮縣,鳳林鎮,花蓮縣鳳林鎮衛生所,花蓮縣鳳林鎮公正街8-1號,03-8761116
雲林縣,虎尾鎮,虎尾台全診所,雲林縣虎尾鎮林森路一段346號,05-6366111
新北市,新店區,邱昰凱小兒科診所,新北市新店區建國路226號1樓,02-29130360
桃園市,桃園區,邵柏源耳鼻喉科診所,桃園市桃園區中正路1141號1樓,03-3166611
新北市,鶯歌區,金鶯診所,新北市鶯歌區國慶街167號,02-26702559
屏東縣,鹽埔鄉,長生診所,屏東縣鹽埔鄉鹽中村勝利路45之9號,08-7935915
桃園市,中壢區,長安內科診所,桃園市中壢區中山東路二段536號1樓,03-4655665
高雄市,左營區,長安診所,高雄市左營區左營大路253號1樓,07-5821864
高雄市,楠梓區,長義診所,高雄市楠梓區惠民路46號,07-3640553
雲林縣,西螺鎮,長榮診所,雲林縣西螺鎮建興路148號,05-5876222
臺中市,東勢區,長頸鹿小兒科診所,臺中市東勢區豐勢路418號,04-25773481
臺南市,東區,侯世婷小兒科診所,臺南市東區崇善路511號,06-3369131
新北市,三重區,保順聯合診所,新北市三重區正義北路5號,02-29855630
彰化縣,彰化市,信成耳鼻喉科診所,彰化縣彰化市三民路304號,04-7235900
高雄市,苓雅區,信君耳鼻喉科診所,高雄市苓雅區武廟路196號,07-7168385
新北市,樹林區,信和耳鼻喉科診所,新北市樹林區博愛街178號1、2樓,02-26822100
新北市,樹林區,信和診所,新北市樹林區博愛街178號1、2樓,02-26822100
南投縣,水里鄉,信望愛診所,南投縣水里鄉民族路362號,049-2770000
臺北市,信義區,信義耳鼻喉科診所,臺北市信義區莊敬路391巷4號,02-23450288
花蓮縣,壽豐鄉,信德診所,花蓮縣壽豐鄉中山路三段76號,03-8661197
臺北市,南港區,冠德耳鼻喉科診所,臺北市南港區研究院路一段17號,02-26513085
南投縣,仁愛鄉,南投縣仁愛鄉衛生所,南投縣仁愛鄉大同村五福巷17號,049-2802341
南投縣,名間鄉,南投縣名間鄉衛生所,南投縣名間鄉彰南路42號,049-2732135
南投縣,集集鎮,南投縣集集鎮衛生所,南投縣集集鎮民生路106號,049-2762015
桃園市,龜山區,南崁現代診所,桃園市龜山區南祥路40號,03-3218080
高雄市,前鎮區,南隆小兒科診所,高雄市前鎮區復興三路391號,07-3382967
新竹縣,竹北市,哈哈小兒科診所,新竹縣竹北市科大一路30號,03-6570590
新竹市,東區,城佑耳鼻喉科診所,新竹市東區建中路59號,03-5748329
新北市,土城區,城林小兒科診所,新北市土城區中央路二段312號,02-22706166
新北市,蘆洲區,建安診所,新北市蘆洲區長安街265號1樓,02-22826588
臺中市,太平區,建志耳鼻喉科診所,臺中市太平區中興路110號,04-22766899
高雄市,林園區,建芳診所,高雄市林園區東林東路28號,07-6467666
臺北市,大同區,建順診所,臺北市大同區甘州街51號,02-25573250
新北市,蘆洲區,建群診所,新北市蘆洲區中華街71號1樓,02-28487669
苗栗縣,後龍鎮,後龍診所,苗栗縣後龍鎮中山路123號,037-773088
新北市,新莊區,思賢診所,新北市新莊區自立街200號1樓,02-29923806
臺北市,大同區,施小兒科診所,臺北市大同區重慶北路三段28號,02-25941935
臺北市,內湖區,施耳鼻喉科診所,臺北市內湖區東湖路90號2樓,02-26331018
新北市,三峽區,星龍耳鼻喉科診所,新北市三峽區國際一街5號1樓,02-26711676
高雄市,苓雅區,柯武鎮診所,高雄市苓雅區福壽街193號,07-7131840
桃園市,桃園區,柯福順耳鼻喉科診所,桃園市桃園區中山路613號,03-2201122
高雄市,三民區,柳雱邁診所,高雄市三民區大順二路96號,07-3895640
新北市,三重區,洋基耳鼻喉科,新北市三重區正義北路288號,02-89810900
新北市,三重區,洪小兒科診所,新北市三重區三民街243號,02-29823852
臺北市,北投區,洪耳鼻喉科診所,臺北市北投區中央南路1段43號,02-28928769
屏東縣,恆春鎮,洪梓策親子診所,屏東縣恆春鎮環城北路181號,08-8880197
高雄市,小港區,洪清中兒科診所,高雄市小港區二苓路192號1樓,07-8063773
南投縣,草屯鎮,洪瑞成小兒科診所,南投縣草屯鎮中山街38號,049-2323151
高雄市,鼓山區,為好診所,高雄市鼓山區九如四路957號,07-5215489
新北市,三重區,皇嘉耳鼻喉科診所,新北市三重區五華街247號,02-28579666
臺南市,中西區,紀冠廷診所,臺南市中西區青年路119號,06-2263931
基隆市,七堵區,紀醫師診所,基隆市七堵區開元路83號,02-24551482
臺南市,將軍區,美地診所,臺南市將軍區苓仔寮里苓保81號,06-7946127
高雄市,前鎮區,美和診所,高雄市前鎮區翠亨北路577號,07-8123381
高雄市,前鎮區,美德聯合診所,高雄市前鎮區草衙二路385號,07-8156375
苗栗縣,三義鄉,苗栗縣三義鄉衛生所,苗栗縣三義鄉復興路45號,037-872014
苗栗縣,竹南鎮,苗栗縣竹南鎮衛生所,苗栗縣竹南鎮大營路209號,037-470152
苗栗縣,後龍鎮,苗栗縣後龍鎮衛生所,苗栗縣後龍鎮大庄里光華路375號,037-722008
苗栗縣,苗栗市,苗栗縣苗栗市衛生所,苗栗縣苗栗市建民街28號,037-277129
苗栗縣,泰安鄉,苗栗縣泰安鄉衛生所,苗栗縣泰安鄉清安村洗水坑二鄰72號,037-941054
苗栗縣,通霄鎮,苗栗縣通霄鎮衛生所,苗栗縣通霄鎮中正路16-2號,037-752048
苗栗縣,獅潭鄉,苗栗縣獅潭鄉衛生所,苗栗縣獅潭鄉新店村11鄰新店130之6號,037-931309
苗栗縣,頭屋鄉,苗栗縣頭屋鄉衛生所,苗栗縣頭屋鄉頭屋村13鄰中山街54號,037-253534
新北市,淡水區,英專耳鼻喉科皮膚科診所,新北市淡水區英專路96號,02-86317678
新竹市,東區,英慈耳鼻喉科診所,新竹市東區立功里光復路二段308號,03-5722846
臺南市,歸仁區,茂禾耳鼻喉科診所,臺南市歸仁區中山路一段519號1樓,06-3303232
雲林縣,西螺鎮,茂杉診所,雲林縣西螺鎮正興里福興路141號,05-5862213
高雄市,三民區,范雅修小兒科診所,高雄市三民區平等路163號,07-3876366
新北市,三重區,重新診所,新北市三重區重新路二段150號,02-29765868
新北市,板橋區,重慶耳鼻喉科診所,新北市板橋區和平路161巷26號,02-89517755
嘉義縣,朴子市,員祐耳鼻喉科診所,嘉義縣朴子市新榮路90號,05-3661590
高雄市,鼓山區,家安診所,高雄市鼓山區裕誠路1515號,07-5541515
臺中市,北區,家昌耳鼻喉科診所,臺中市北區陜西路62號1樓,04-22993888
新北市,新莊區,家貞診所,新北市新莊區福壽街67號,02-29942300
新北市,新莊區,家慈診所,新北市新莊區福壽街67號,02-29942300
新北市,新莊區,家福診所,新北市新莊區福壽街67號,02-29942300
彰化縣,和美鎮,家禮診所,彰化縣和美鎮仁美路186號,04-7551829
臺中市,北區,展弘耳鼻喉科診所,臺中市北區漢口路四段322號,04-22307388
臺南市,新化區,徐小兒科診所,臺南市新化區中山路193號,06-5901995
桃園市,龍潭區,徐耳鼻喉科診所,桃園市龍潭區北龍路251號,03-4899631
宜蘭縣,冬山鄉,徐診所,宜蘭縣冬山鄉照安路33巷32號,039-590923
臺南市,東區,徐慶鐘小兒科診所,臺南市東區長榮路二段306號,06-2369954
臺北市,中正區,悅心診所,臺北市中正區羅斯福路2段7之2號,02-23961008
高雄市,左營區,振亮診所,高雄市左營區左營大路156號,07-5879799
彰化縣,芳苑鄉,振源診所,彰化縣芳苑鄉民生村建成路44號,04-8933786
新北市,新莊區,晉安診所,新北市新莊區中正路700之24號,02-29061510
桃園市,平鎮區,桃園市平鎮區衛生所,桃園市平鎮區新富里振興路1號,03-4576624
桃園市,楊梅區,桃園市楊梅區衛生所,桃園市楊梅區校前路409號,03-4750151
桃園市,龍潭區,桃園市龍潭區衛生所,桃園市龍潭區中正路210號,03-4792033
桃園市,觀音區,桃園市觀音區衛生所,桃園市觀音區觀新路58號,03-4732031
基隆市,七堵區,泰安內科診所,基隆市七堵區明德一路93號,02-24552305
臺北市,松山區,泰安親親家庭診所,臺北市松山區光復北路97號,02-27605036
新北市,泰山區,泰和診所,新北市泰山區明志路2段62號,02-85315320
高雄市,苓雅區,泰順聯合診所,高雄市苓雅區光華一路148-95號,07-2241595
臺南市,北區,海安小兒科診所,臺南市北區海安路3段761號,06-3589696
彰化縣,員林市,涂嘉桂診所,彰化縣員林市中正路113號,04-8360898
新北市,中和區,淯陞診所,新北市中和區安樂路19號1至2樓,02-29400355
臺中市,大甲區,琉璃光診所,台中市大甲區順天路342號,04-26873051
新北市,三重區,益安診所,新北市三重區正義北路152號,02-89828775
新北市,中和區,益德診所,新北市中和區忠孝街75號1樓,02-86688421
臺中市,沙鹿區,真善美診所,臺中市沙鹿區成功東街119號,04-26656037
高雄市,鳳山區,祐幼小兒科診所,高雄市鳳山區八德路296巷28號,07-7769977
新北市,土城區,祐生耳鼻喉科診所,新北市土城區中央路二段223之9號1樓,02-82614588
新竹市,北區,祐庭耳鼻喉科診所,新竹市北區光華街99-1號1樓,03-5351166
桃園市,中壢區,馬興華耳鼻喉科診所,桃園市中壢區中北路二段80號,03-4591680
高雄市,鳳山區,高丹榕診所,高雄市鳳山區光復路二段223號,07-7475556
臺北市,中山區,高固亷診所,臺北市中山區北安路613號,02-25323036
新北市,三重區,高柏森耳鼻喉科診所,新北市三重區正義北路191號,02-29839808
雲林縣,虎尾鎮,偉哲內小兒科診所,雲林縣虎尾鎮中山里仁愛路67號,05-6323409
桃園市,桃園區,偉勝耳鼻喉科診所,桃園市桃園區中正路558號,03-3473858
新北市,蘆洲區,健安診所,新北市蘆洲區長安街265號1樓,02-22826588
新北市,蘆洲區,健侒診所,新北市蘆洲區長安街265號1樓,02-22826588
新北市,中和區,健和診所,新北市中和區景新街401號1、2樓,02-86681070
臺北市,中正區,健康101診所,臺北市中正區牯嶺街97號,02-23648085
新北市,永和區,健新耳鼻喉科診,新北市永和區永貞路297號1樓,02-89210657
新北市,蘆洲區,健群耳鼻喉科診所,新北市蘆洲區中華街71號1樓,02-28487669
新北市,蘆洲區,健群診所,新北市蘆洲區中華街71號1樓,02-28487669
新北市,三重區,健福診所,新北市三重區溪尾街171號,02-89851660
高雄市,苓雅區,健維診所,高雄市苓雅區福建街25號,07-3344637
新北市,中和區,唯安診所,新北市中和區景新街455號,02 2947 9165
新竹縣,竹北市,啄木鳥耳鼻喉科診所,新竹縣竹北市莊敬三路39號1號,03-6586586
花蓮縣,玉里鎮,啟光診所,花蓮縣玉里鎮中華路74號,03-8880468
新北市,永和區,國平耳鼻喉科診所,新北市永和區永貞路376號,02-89233980
新北市,鶯歌區,崇文診所,新北市鶯歌區國慶街141號,02-26783366
新竹縣,竹東鎮,崇光小兒專科診所,新竹縣竹東鎮長春路三段188號1樓,03 -5959878
新北市,新店區,康禾診所,新北市新店區中正路140號1樓,02-29109696
高雄市,楠梓區,康東原診所,高雄市楠梓區右昌街376號,07-3610115
花蓮縣,吉安鄉,康寧診所,花蓮縣吉安鄉慶豐村中山路3段386號,03-8530910
臺中市,龍井區,康德耳鼻喉科診所,臺中市龍井區新興路43號,04-26317903
臺北市,內湖區,康樂診所,臺北市內湖區康樂街80號.82號.84號,02-26308800
金門縣,金湖鎮,康橋診所,金門縣金湖鎮赤東路150號,082-330096
臺中市,北區,張右川診所,臺中市北區興進路211-2號,04-22329988
臺北市,信義區,張育驍診所,臺北市信義區吳興街467巷2弄4號.6號.6號2樓.10號,02-27291011
臺南市,北區,張金石小兒科診所,臺南市北區公園路191號,06-2206228
屏東縣,屏東市,張俊智診所,屏東縣屏東市博愛路215號,08-7667010
臺中市,南屯區,張家強診所,臺中市南屯區黎明路二段490號,04-22591683
屏東縣,萬丹鄉,張家瑜診所,屏東縣萬丹鄉社皮路3段228號,08-7070342
高雄市,大寮區,張桐榮診所,高雄市大寮區鳳林三路573號,07-7825382
花蓮縣,花蓮市,張海山診所,花蓮縣花蓮市中正路191號,03-8353777
臺南市,南區,張祐禎家庭醫學科診所,臺南市南區中華南路二段72號,06-2920909
花蓮縣,花蓮市,張淑華小兒科診所,花蓮縣花蓮市國聯四路75號,03-8311031
臺中市,北屯區,張廣智耳鼻喉科診所,臺中市北屯區中清路二段531號,04-22924703
臺北市,中山區,惟亷診所,臺北市中山區北安路595巷1號B1,02-25323038
新北市,三重區,惟新診所,新北市三重區五華街145號1樓,02-28572559
新北市,中和區,捷安診所,新北市中和區中和路456號,02-22331117
新竹市,東區,晨心兒科診所,新竹市東區中央路163號,03-5322066
宜蘭縣,宜蘭市,曹天德診所,宜蘭縣宜蘭市舊城東路3-1號,03-9353267
桃園市,桃園區,曹景雄小兒科診所,桃園市桃園區延平路113號,03-2183141
屏東縣,屏東市,梁宏志診所,屏東縣屏東市自由路379-4號,08-7364494
臺中市,清水區,清水區向陽耳鼻喉科診所,臺中市清水區中山路243-2號,04-26228595
臺中市,清水區,清水祥和診所,臺中市清水區五權東路81號,04-26232191
高雄市,前鎮區,祥全診所,高雄市前鎮區復興三路393號2樓,07-3340393
苗栗縣,頭份市,祥安診所,苗栗縣頭份市中華路928號,037-664486
苗栗縣,公館鄉,祥恩診所,苗栗縣公館鄉大同路80號,037-220118
臺中市,北區,祥祐診所,臺中市北區三民路三段348號,04-22315688
彰化縣,彰化市,莊永勳耳鼻喉科診所,彰化縣彰化市曉陽路200號,04-7201551
臺北市,中山區,莊宇龍診所,臺北市中山區北安路637號,02-25331255
新北市,土城區,莊京憲耳鼻喉科診所,新北市土城區明德路一段2號,02-82603171
新北市,板橋區,莒光診所,新北市板橋區莒光路30號,02-22527700
彰化縣,彰化市,許小兒科診所,彰化縣彰化市信義里中正路一段452號1樓,04-7222279
嘉義市,東區,許小兒科診所,嘉義市東區垂楊路139號,05-2280858
彰化縣,溪湖鎮,許立德小兒科診所,彰化縣溪湖鎮培英路42號,04-8856518
新北市,蘆洲區,許修平診所,新北市蘆洲區長安街290號,02-2288102
新北市,淡水區,許景新耳鼻喉科診所,新北市淡水區中山路17號,02-26212779
臺中市,豐原區,許慶芳耳鼻喉科診所,臺中市豐原區中山路506號,04-25292857
高雄市,三民區,許聰騰診所,高雄市三民區大昌二路100號,07-3981023
花蓮縣,花蓮市,郭乃瑜耳鼻喉科診所,花蓮縣花蓮市中山路654-1號,03-8563601
高雄市,楠梓區,郭士彰耳鼻喉科診所,高雄市楠梓區後昌路862-1號,07-3683235
高雄市,大寮區,郭其靈診所,高雄市大寮區鳳林三路541號,07-7823335
桃園市,八德區,郭淵進診所,桃園市八德區興豐路650號,03-3732373
臺東縣,東河鄉,都蘭診所,臺東縣東河鄉都蘭村21鄰都蘭96號,08-9530021
臺北市,松山區,陳大昕耳鼻喉科診所,臺北市松山區八德路4段100號,02-27676349
臺北市,信義區,陳世卿診所,臺北市信義區莊敬路435號1樓,02-87803565
南投縣,南投市,陳加偉耳鼻喉科診所,南投縣南投市復興路109號,049-2200679
臺中市,西區,陳正和耳鼻喉科診所,臺中市西區向上路一段226號,04-23012729
新竹市,北區,陳君毅小兒科診所,新竹市北區西大路738號,03-5345705
南投縣,埔里鎮,陳宏麟診所,南投縣埔里鎮南昌街221號,049-2900303
新北市,新店區,陳沛生耳鼻喉科診所,新北市新店區北新路二段39號,02-29178067
嘉義市,西區,陳明煌診所,嘉義市西區北興街442號,05-2337036
臺中市,霧峰區,陳炎山家庭醫學科診所,臺中市霧峰區中正路1110號,04-23391100
臺中市,西屯區,陳亮宇耳鼻喉科診所,臺中市西屯區大墩路995號,04-23203888
桃園市,蘆竹區,陳俊仁親子診所,桃園市蘆竹區中正路128號,03-3215866
臺南市,中西區,陳俊達小兒科診所,臺南市中西區中山路21號,06-2221867
臺南市,麻豆區,陳信宏小兒科診所,臺南市麻豆區民生路36-8號,06-5719889
臺南市,東區,陳勃旭耳鼻喉科診所,臺南市東區崇善路438號,06-3358868
臺北市,信義區,陳威璋耳鼻喉科診所,臺北市信義區松德路58號,02-27584958
臺中市,大里區,陳建利診所,臺中市大里區成功路387號,04-24935145
新北市,中和區,陳建良耳鼻喉科診所,新北市中和區景新街465號1、2樓,02-89413009
花蓮縣,花蓮市,陳建發耳鼻喉科診所,花蓮縣花蓮市中美路77之2號,03-8246119
新竹市,北區,陳建銘婦產科診所,新竹市北區武陵路218巷58號,03-5337789
臺南市,安南區,陳昱成耳鼻喉科診所,臺南市安南區海佃路一段196號,06-2800178
高雄市,鳳山區,陳柏蒼耳鼻喉科診所,高雄市鳳山區文衡路480號,07-7775388
高雄市,鳳山區,陳重志聯合診所,高雄市鳳山區光復路一段139號,07-7427329
臺中市,清水區,陳振昆診所,臺中市清水區中山路127號,04-26225205
臺南市,東區,陳淑玲林原弘小兒科診所,臺南市東區崇學路229號,06-2900255
高雄市,苓雅區,陳清裕小兒科診所,高雄市苓雅區三多一路327號,07-7517221
臺中市,大里區,陳祥雪小兒科診所,臺中市大里區新生西路42號,04-24850052
臺北市,內湖區,陳森豊診所,臺北市內湖區環山路一段2號,02-27990361
屏東縣,萬丹鄉,陳琪銘診所,屏東縣萬丹鄉萬壽路二段275號,08-7770488
臺中市,南區,陳鉉煒小兒科診所,臺中市南區臺中路156號,04-22861566
臺南市,新營區,陳耀軫診所,臺南市新營區中正路57號,06-6356988
高雄市,楠梓區,陳顯明診所,高雄市楠梓區德賢路265號,07-3648127
新北市,土城區,頂埔中心診所,新北市土城區中央路四段286號,02-22671382
新北市,永和區,頂溪耳鼻喉科診所,新北市永和區永和路二段139-1號1樓,02-29290066
新竹縣,竹北市,傅仁良小兒科診所,新竹縣竹北市博愛街172號,03-5530106
新北市,中和區,凱程診所,新北市中和區員山路150-8號1樓,02-22231868
臺中市,潭子區,博文耳鼻喉科診所,臺中市潭子區中山路1段99號1樓,04-25320707
基隆市,中正區,博群診所,基隆市中正區新豐街446號,02-24601356
臺南市,永康區,富ㄦ康小兒科診所,臺南市永康區中山路55號,06-2318600
高雄市,左營區,富誠診所,高雄市左營區富國路355號1樓,07-5560925
新竹市,東區,彭耳鼻喉科診所,新竹市東區中央路195號,03-5428888
南投縣,埔里鎮,普仁診所,南投縣埔里鎮東峰路19號,049-2930373
屏東縣,里港鄉,普生診所,屏東縣里港鄉大平村中山路35號,08-7751188
彰化縣,社頭鄉,景新診所,彰化縣社頭鄉社頭村清水岩路333號,04-8721227
南投縣,竹山鎮,智瑤小兒科診所,南投縣竹山鎮集山路三段879號,049-2652288
新北市,三芝區,曾明診所,新北市三芝區中正路一段6號1樓,02-26369942
新北市,中和區,曾咸統小兒科診所,新北市中和區景安路229號1樓,02-31516343
臺東縣,成功鎮,曾建元診所,臺東縣成功鎮中華路112號,089-851002
臺中市,西區,曾憲彰耳鼻喉科診所,臺中市西區五權西路一段275號,04-23786066
新北市,汐止區,朝芳診所,新北市汐止區中正路8號,02-26427297
新竹縣,竹北市,游恆懿診所,新竹縣竹北市縣政八街23號,03-5586721
新北市,蘆洲區,湯瑪士親子兒科診所,新北市蘆洲區民族路377號1-2樓,02-22885523
高雄市,苓雅區,童春診所,高雄市苓雅區武慶三路98號,07-7210983
臺中市,東區,華幼診所,臺中市東區進化路211號,04-23600099
新北市,蘆洲區,華安診所,新北市蘆洲區長安街205號,02-28481500
新北市,三重區,華貞診所,新北市三重區三和路三段80號,02-29716626
高雄市,左營區,華夏診所,高雄市左營區華夏路708號1樓,07-3453961
新北市,瑞芳區,詠安診所,新北市瑞芳區明燈路三段79號1樓,02-24960683
彰化縣,彰化市,陽光小兒科診所,彰化縣彰化市彰南路二段219號,04-7320210
新北市,林口區,陽光耳鼻喉科診所,新北市林口區仁愛路二段113.115.117號1樓,02-26016068
高雄市,仁武區,陽光診所,高雄市仁武區中華路255號,07-3755500
新北市,三重區,集美診所,新北市三重區集美街174-1號,02-29775177
新北市,中和區,馮泰龍小兒科診所,新北市中和區南華路21號,02-82421606
高雄市,岡山區,黃子育診所,高雄市岡山區前峰路39號,07-6270101
南投縣,南投市,黃子卿小兒科診所,南投縣南投市民族路123號1、2樓,049-2200623
桃園市,中壢區,黃文昌診所,桃園市中壢區龍岡路二段123號,03-2841928
臺北市,北投區,黃正宏診所,臺北市北投區西安街一段359號,02-28217076
桃園市,中壢區,黃永輝診所,桃園市中壢區中山路452號,03-4926750
高雄市,岡山區,黃仲達診所,高雄市岡山區柳橋東路9-2號,07-6297895
高雄市,岡山區,黃耳鼻喉科診所,高雄市岡山區岡山路347-1號,07-6230011
屏東縣,潮州鎮,黃志忠診所,屏東縣潮州鎮中山路33號,08-7884486
彰化縣,大村鄉,黃建成診所,彰化縣大村鄉茄苳路一段235號,04-8524074
嘉義市,西區,黃思超小兒科診所,嘉義市西區民族路632號,05-2163232
高雄市,左營區,黃昭文診所,高雄市左營區自由二路255號,07-5592289
新北市,淡水區,黃秋陽診所,新北市淡水區中山路7號,02-26229596
高雄市,林園區,黃英豪診所,高雄市林園區林園北路188號,07-6412134
桃園市,龍潭區,黃啟昌小兒科診所,桃園市龍潭區中正路286號,03-4798466
臺北市,信義區,黃啟彰診所,臺北市信義區松山路261-1號,02-27696218
花蓮縣,花蓮市,黃國樑小兒科診所,花蓮縣花蓮市中福路186號,03-8343959
桃園市,中壢區,黃曉生小兒科診所,桃園市中壢區環中東路41、43號,03-4552725
高雄市,前鎮區,傳家家庭醫學科診所,高雄市前鎮區一德路59號,07-3344117
新北市,淡水區,匯眾內科診所,新北市淡水區中山北路一段101號,02-26229773
桃園市,龜山區,微笑親子耳鼻喉科診所,桃園市龜山區文化二路51號1樓,03-3180022
臺北市,中山區,愛鄰診所,臺北市中山區北安路520-1號,02-25322333
彰化縣,員林市,慈安小兒科診所,彰化縣員林市光明街163號,04-8369578
新北市,八里區,新北市八里區衛生所,新北市八里區舊城路16號,02-26102137
新北市,三芝區,新北市三芝區衛生所,新北市三芝區中山路1段12號,02-26362007
新北市,三重區,新北市三重區衛生所,新北市三重區新北大道一段1號,02-29825233
新北市,三峽區,新北市三峽區衛生所,新北市三峽區光明路71號3樓,02-26711592
新北市,土城區,新北市土城區衛生所,新北市土城區和平路26號,02-22603181
新北市,中和區,新北市中和區衛生所,新北市中和區南山路4巷3號,02-22491936
新北市,五股區,新北市五股區衛生所,新北市五股區新城三路11號,02-22917717
新北市,平溪區,新北市平溪區衛生所,新北市平溪區石底里公園街17號,02-24951015
新北市,永和區,新北市永和區衛生所,新北市永和區秀朗路1段137號,02-32332780
新北市,石門區,新北市石門區衛生所,新北市石門區石門里中山路28之1號,02-26381007
新北市,石碇區,新北市石碇區衛生所,新北市石碇區碇坪路一段82號,02-26631325
新北市,汐止區,新北市汐止區衛生所,新北市汐止區新台五路一段266號,02-26412030
新北市,坪林區,新北市坪林區衛生所,新北市坪林區坪林里坪林街104號,02-26656272
新北市,板橋區,新北市板橋區衛生所,新北市板橋區英士路192號,02-22586606
新北市,林口區,新北市林口區衛生所,新北市林口區林口路70號,02-26068760
新北市,金山區,新北市金山區衛生所,新北市金山區中山路257號4樓,02-24982778
新北市,泰山區,新北市泰山區衛生所,新北市泰山區全興路212號3樓,02-29099921
新北市,烏來區,新北市烏來區衛生所,新北市烏來區新烏路五段109號,02-26617200
新北市,貢寮區,新北市貢寮區衛生所,新北市貢寮區仁愛路128號,02-24901431
新北市,淡水區,新北市淡水區衛生所,新北市淡水區中山路158號,02-26215620
新北市,深坑區,新北市深坑區衛生所,新北市深坑區深坑街165號1-3樓,02-26621567
新北市,新店區,新北市新店區衛生所,新北市新店區北新路一段 86 號 12樓,02-29113984
新北市,新莊區,新北市新莊區衛生所,新北市新莊區中華路一段2號,02-29967123
新北市,瑞芳區,新北市瑞芳區衛生所,新北市瑞芳區明燈路3段1號,02-24972132
新北市,萬里區,新北市萬里區衛生所,新北市萬里區瑪鍊路157號,02-24921117
新北市,樹林區,新北市樹林區衛生所,新北市樹林區樹新路40-7號,02-26812134
新北市,雙溪區,新北市雙溪區衛生所,新北市雙溪區新基南街18號,02-24931210
新北市,蘆洲區,新北市蘆洲區衛生所,新北市蘆洲區中央路58號,02-22812011
新北市,鶯歌區,新北市鶯歌區衛生所,新北市鶯歌區文化路389號,02-26702304
新北市,三峽區,新禾診所,新北市三峽區學成路235號1樓,02-86716686
新竹市,東區,新竹科學工業園區員工診所,新竹市東區科園里工業東二路2號,03-6669996
新竹縣,尖石鄉,新竹縣尖石鄉衛生所,新竹縣尖石鄉嘉樂村2鄰61號,03-5841011
新竹縣,橫山鄉,新竹縣橫山鄉衛生所,新竹縣橫山鄉新興街141巷10號,03-5932004
新竹縣,寶山鄉,新竹縣寶山鄉衛生所,新竹縣寶山鄉雙園路二段273號,03-5203054
新北市,新莊區,新和耳鼻喉科診所,新北市新莊區幸福路69號,02-29938636
新北市,新莊區,新莊徐耳鼻喉科診所,新北市新莊區中平路373號,02-29907505
高雄市,鳳山區,新華田內科診所,高雄市鳳山區曹公路16之4號,07-7999128
新北市,汐止區,楊內科小兒科診所,新北市汐止區汐萬路1段25號,02-26420233
桃園市,桃園區,楊文彬耳鼻喉科診所,桃園市桃園區春日路850號,03-3150628
基隆市,仁愛區,楊耳鼻喉科診所,基隆市仁愛區仁二路115號,02-24245212
高雄市,左營區,楊宜璋耳鼻喉科診所,高雄市左營區明誠二路362號,07-5591007
高雄市,前鎮區,楊榮超診所,高雄市前鎮區一心二路133號,07-3382616
新北市,泰山區,楓江診所,新北市泰山區楓江路8號,02-22969708
新北市,泰山區,溫法烈耳鼻喉科診所,新北市泰山區泰林路2段175號,02-29098253
新北市,新店區,瑞安耳鼻喉科診所,新北市新店區中正路140號1樓,02-29109696
新北市,平溪區,瑞安診所,新北市平溪區平溪街9號,02-24951083
屏東縣,潮州鎮,瑞安診所,屏東縣潮州鎮興隆路137號,08-7888716
新北市,三重區,瑞和耳鼻喉科診所,新北市三重區龍門路22號1樓,02-29757788
高雄市,鼓山區,瑞芳耳鼻喉科診所,高雄市鼓山區華榮路298號1樓,07-5527887
基隆市,暖暖區,碇內診所,基隆市暖暖區源遠路323號,02-24595878
臺北市,士林區,粱耳鼻喉科診所,臺北市士林區社正路12-1號,02-28168456
彰化縣,彰化市,聖比安耳鼻喉科診所,彰化縣彰化市華山路99、101號,04-7203595
高雄市,前鎮區,聖青診所,高雄市前鎮區草衙一路112號,07-8310970
高雄市,鳳山區,聖壹診所,高雄市鳳山區瑞興路482號1樓,07-7014755
基隆市,中山區,聖德診所,基隆市中山區西定路411號,02-24293939
桃園市,八德區,萬耳鼻喉科診所,桃園市八德區介壽路1段913號,03-3635616
臺北市,大安區,萬通耳鼻喉科診所,臺北市大安區延吉街64-2號1樓,02-27518909
嘉義市,東區,葉弘貴小兒科診所,嘉義市東區中山路253號,05-2253863
臺北市,信義區,董耳鼻喉科診所,臺北市信義區永吉路284號,02-27643502
臺北市,內湖區,葫洲診所,臺北市內湖區康寧路三段35號,02-26306606
新北市,土城區,裕安診所,新北市土城區裕民路131號1樓,02-22613300
桃園市,中壢區,詮順耳鼻喉科診所,桃園市中壢區榮民路37號,03-4355300
新北市,三峽區,詹小兒科診所,新北市三峽區中華路13之6號,02-26742308
苗栗縣,苗栗市,詹求孚診所,苗栗縣苗栗市中正路468號,037-320722
臺北市,松山區,詹前俊小兒科診所,臺北市松山區民生東路五段105號,02-27653039
南投縣,南投市,詹建盛診所,南投縣南投市南陽路475號,04-92243055
新北市,三重區,詹益智耳鼻喉科診所,新北市三重區重陽路四段6號,02-29859589
臺中市,南屯區,誠心親子耳鼻喉科診所,臺中市南屯區東興路二段33號2樓,04-24719001
新北市,八里區,誠泰診所,新北市八里區中山路一段231號,02-26108205
新北市,永和區,誠新耳鼻喉科診所,新北市永和區永和路二段173號,02-22318000
桃園市,大溪區,誠德耳鼻喉科診所,桃園市大溪區康莊路192號,03-3883132
花蓮縣,新城鄉,路加家庭醫師診所,花蓮縣新城鄉北埔村自信街13號,03-8265082
臺東縣,臺東市,路瑪診所,臺東縣知本里吉泰路18號,089-510015
新北市,新莊區,鉅儒診所,新北市新莊區西盛街180號1樓,02 2205 7193
高雄市,三民區,鼎真診所,高雄市三民區金鼎路325號,07-3103130
新北市,中和區,嘉仁診所,新北市中和區華順街132號1樓,02-29521878
花蓮縣,花蓮市,嘉光耳鼻喉科診所,花蓮縣花蓮市明禮路71-5號,03-8341440
嘉義市,西區,嘉安婦幼診所,嘉義市西區友愛路390號,05-2335515
嘉義市,西區,嘉祐耳鼻喉科診所,嘉義市西區興業西路156號,05-2350860
嘉義縣,太保市,嘉義縣立慢性病防治所,嘉義縣太保市祥和二路東段3號,05-3620571#134
嘉義縣,竹崎鄉,嘉義縣竹崎鄉衛生所,嘉義縣竹崎鄉文化路19-1號,05-2611264
屏東縣,高樹鄉,嘉誠診所,屏東縣高樹鄉高樹村南興路118-1號,08-7962772
臺中市,大里區,廖正雄小兒科診所,臺中市大里區中興路一段167號,04-24938497
花蓮縣,花蓮市,廖耳鼻喉科診所,花蓮縣花蓮市中華路422之1號,03-8356196
新竹市,東區,廖明厚小兒科診所,新竹市東區民族路130號,03-5316665
彰化縣,線西鄉,彰化縣線西鄉衛生所,彰化縣線西鄉寓埔村中央路2段25號1樓,04-7585201
新竹縣,竹北市,歌斐木耳鼻喉科診所,新竹縣竹北市文興路二段7號1樓,03-6688081
新北市,新店區,睿安診所,新北市新店區中正路140號1樓,02-29109696
高雄市,左營區,福山診所,高雄市左營區重愛路218號,07-3482323
花蓮縣,吉安鄉,福田耳鼻喉科診所,花蓮縣吉安鄉建國路一段65號,03-8577823
新北市,汐止區,福德診所,新北市汐止區福德二路171號,02-26959877
彰化縣,福興鄉,福興林診所,彰化縣福興鄉沿海路3段204號1樓,04-7708896
臺中市,西區,維一診所,臺中市西區太原路一段220號,04-23139987
臺中市,東勢區,維恩耳鼻喉科診所,臺中市東勢區豐勢路372號,04-25885413
臺東縣,大武鄉,臺東縣大武鄉衛生所,臺東縣大武鄉大武村復興路2-2號,089-791325
臺東縣,太麻里鄉,臺東縣太麻里鄉衛生所,臺東縣太麻里鄉泰和村2鄰民權路66號,089-781220
臺東縣,成功鎮,臺東縣成功鎮衛生所,臺東縣成功鎮中山東路64號,089-851419
臺東縣,池上鄉,臺東縣池上鄉衛生所,臺東縣池上鄉中山路104號,089-862609
臺東縣,卑南鄉,臺東縣卑南鄉衛生所,臺東縣卑南鄉太平村和平路132號,089-382042
臺東縣,延平鄉,臺東縣延平鄉衛生所,臺東縣延平鄉桃源1鄰11號,089-561040
臺東縣,東河鄉,臺東縣東河鄉衛生所,臺東縣東河鄉東河村10鄰300號,089-896289
臺東縣,金峰鄉,臺東縣金峰鄉衛生所,臺東縣金峰鄉賓茂村14號,089-772201
臺東縣,長濱鄉,臺東縣長濱鄉衛生所,臺東縣長濱鄉長濱村7鄰中興路46號,089-831022
臺東縣,海端鄉,臺東縣海端鄉衛生所,臺東縣海端鄉海端村山界29號,089-931391
臺東縣,鹿野鄉,臺東縣鹿野鄉衛生所,臺東縣鹿野鄉中華路一段418號,089-551074
臺東縣,達仁鄉,臺東縣達仁鄉衛生所,臺東縣達仁鄉安朔村復興路122號,089-702209
臺東縣,綠島鄉,臺東縣綠島鄉衛生所,臺東縣綠島鄉中寮村1-1號,08-9672511
臺東縣,臺東市,臺東縣臺東市衛生所,臺東縣臺東市大同路51號,089-350806
臺東縣,關山鎮,臺東縣關山鎮衛生所,臺東縣關山鎮中華路78號,089-810460
臺東縣,蘭嶼鄉,臺東縣蘭嶼鄉衛生所,臺東縣蘭嶼鄉紅頭村36-1號,089-732002
臺南市,安定區,臺南市安定區衛生所,臺南市安定區安定59-1號,06-5922022
臺南市,善化區,臺南市善化區衛生所,臺南市善化區中山路200號,06-5837035
臺南市,仁德區,趙俊凱耳鼻喉科診所,臺南市仁德區中正路二段1092號,06-2491886
屏東縣,新園鄉,趙致成診所,屏東縣新園鄉仙吉路211號,08-8681236
新北市,三峽區,趙敏政耳鼻喉科診所,新北市三峽區復興路93、95號1樓,02-86743300
桃園市,龜山區,遠東耳鼻喉科診所,桃園市龜山區萬壽路2段997號,03-3502720
高雄市,仁武區,劉內兒科診所,高雄市仁武區仁心路6號,07-3718727
高雄市,鼓山區,劉水壽診所,高雄市鼓山區鼓山二路166-7號,07-5211891
臺南市,北區,劉伊薰小兒科診所,臺南市北區北安路一段259號,06-2832111
臺北市,大安區,劉耳鼻喉科診所,臺北市大安區復興南路二段151巷27號,02-27546060
花蓮縣,吉安鄉,劉耳鼻喉科診所,花蓮縣吉安鄉中華路二段138號,03-8544322
高雄市,前鎮區,劉志明耳鼻喉科診所,高雄市前鎮區一心一路482號,07-3363311
臺南市,佳里區,劉亞伯耳鼻喉科診所,臺南市佳里區延平路353號,06-7236765
宜蘭縣,羅東鎮,劉醫師小兒科診所,宜蘭縣羅東鎮純精路二段229號,03-9518121
新北市,中和區,廣祥診所,新北市中和區興南路2段27號1樓後半部及29號１、２樓,02-86683090
新北市,板橋區,德一診所,新北市板橋區中山路二段236號,02-29535396
新北市,永和區,德上診所,新北市永和區中正路106號,02-29403938
新北市,三重區,德心診所,新北市三重區力行路二段206號,02-82878007
臺南市,永康區,德安小兒科診所,臺南市永康區永大路二段1538號,06-2032000
臺中市,烏日區,德昌小兒科診所,臺中市烏日區中山路一段335號,04-23372686
新北市,三重區,德河聯合診所,新北市三重區重陽路三段117號,02-89851515
新北市,永和區,德美診所,新北市永和區中正路455之1號1樓,02-29273001
新北市,三重區,德慈聯合診所,新北市三重區重新路三段14號,02-29736693
新北市,蘆洲區,德興診所,新北市蘆洲區復興路67號,02-22855598
新北市,永和區,德謙耳鼻喉科診所,新北市永和區竹林路216號,02-29265690
雲林縣,北港鎮,德豐診所,雲林縣北港鎮公園路12號,05-7835909
彰化縣,福興鄉,慶安診所,彰化縣福興鄉沿海路三段275號1樓,04-7704276
南投縣,信義鄉,慶安診所,南投縣信義鄉新開巷100號,049-2791850
新北市,永和區,樂華診所,新北市永和區永和路一段155號1樓,02-86608030
新北市,板橋區,樂福診所,新北市板橋區三民路二段89號,02-29560606
臺北市,松山區,澄東耳鼻喉科診所,臺北市松山區三民路37號,02-27420552
高雄市,三民區,緯立診所,高雄市三民區建元路30號1樓,07-3850785
嘉義市,東區,蔡耳鼻喉科診所,嘉義市東區中山路270號,05-2222602
臺南市,永康區,蔡尚均小兒科診所,臺南市永康區中華路675之1號,06-3020188
屏東縣,屏東市,蔡長禧診所,屏東縣屏東市民生路12-16號,08-7227766
臺南市,歸仁區,蔡迪光小兒科,臺南市歸仁區民權北路107號,06-2397839
臺南市,柳營區,蔡瑞頒診所,臺南市柳營區光福里成功街210號,06-6224466
彰化縣,北斗鎮,蔡瑞聰耳鼻喉科診所,彰化縣北斗鎮中華路197號,04-8875577
新北市,泰山區,蔡興龍小兒科診所,新北市泰山區明志路二段422號,02-22093645
臺中市,南屯區,鄭元凱耳鼻喉科診所,台中市南屯區河南路四段376號,04-22513502
桃園市,中壢區,寰東耳鼻喉科診所,桃園市中壢區環中東路187號1樓,03-4559069
新北市,林口區,橙安親子診所,新北市林口區文化三路二段50號1樓,02-26032507
新竹縣,橫山鄉,橫山庄診所,新竹縣橫山鄉橫山街一段216號,03-5931395
新北市,中和區,盧建宏耳鼻喉科診所,新北市中和區宜安路151號,02-29493069
臺北市,萬華區,盧漢隆耳鼻喉科診所,臺北市萬華區環河南路二段197號,02-23361363
新北市,林口區,穎欣診所,新北市林口區文化二路1段535號1F,02-26069786
新北市,中和區,翰霖耳鼻喉科診所,新北市中和區景安路202號,02-22462238
新北市,板橋區,興安診所,新北市板橋區龍興街51號,02-29652683
屏東縣,內埔鄉,蕭文熙診所,屏東縣內埔鄉廣濟路149號,08-7692999
新北市,板橋區,蕭正輝兒科診所,新北市板橋區文化路二段137號1樓,02-22501101
彰化縣,和美鎮,蕭國隆小兒科診所,彰化縣和美鎮彰美路5段255號,04-7553021
高雄市,三民區,蕭瑞榮小兒科診所,高雄市三民區建工路533號,07-3867121
新北市,林口區,親子耳鼻喉科診所,新北市林口區仁愛路二段113.115.117號1樓,02-26016068
臺中市,南屯區,親子診所,臺中市南屯區黎明路一段1091號,04-23862626
臺北市,松山區,親親家庭診所,臺北市松山區南京東路5段347號1樓,02-25283232
新北市,泰山區,賴和鴻診所,新北市泰山區明志路二段42號1樓,02-29094502
嘉義縣,民雄鄉,賴政友診所,嘉義縣民雄鄉東榮村和平路9號,05-2266550
新北市,三重區,賴美里診所,新北市三重區重新路三段106號,02-89725629
新竹市,東區,賴閔宦小兒科診所,新竹市東區南大路387-1號,03-5611238
臺東縣,臺東市,賴鵬雲診所,臺東縣臺東市正氣路153號,089-310070
新北市,新莊區,錦明耳鼻喉科診所,新北市新莊區民安路195號,02-22028080
臺北市,中山區,龍江固亷診所,臺北市中山區龍江路360號,02-25170093
桃園市,龍潭區,龍欣耳鼻喉科診所,桃園市龍潭區中正路254號,03-4808306
新北市,三重區,龍華診所,新北市三重區五華街100號,02-29883500
臺中市,北屯區,優幼診所,臺中市北屯區北屯路435-16號,04-22493636
新北市,中和區,優寶婦產科診所,新北市中和區華新街22號,02-86689519
高雄市,三民區,儲昭仁耳鼻喉科診所,高雄市三民區九如一路854號,07-3890470
新北市,中和區,戴廣懷小兒科診所,新北市中和區安樂路66號,02-29414451
桃園市,中壢區,聯心診所,桃園市中壢區民族路五段310號,03-4205017
新北市,新莊區,聯安診所,新北市新莊區中正路330號,02-29986191
臺南市,善化區,聯和耳鼻喉科診所,臺南市善化區大成路312之1號,06-5851696
新北市,新莊區,聯福診所,新北市新莊區民安路232號,02-22014370
新北市,板橋區,聯德診所,新北市板橋區溪北路13號,02-86871766
新北市,三重區,聰明耳鼻喉科,新北市三重區重新路2段14號1樓,02-89727370
臺中市,南屯區,薛凱中診所,臺中市南屯區大墩路383號,04-24716898
高雄市,鼓山區,謝加晉診所,高雄市鼓山區民利街1號1樓,07-5532526
臺南市,新營區,謝兆唐診所,臺南市新營區民治路60-2號,06-6377070
臺中市,北區,謝佳璋小兒科診所,臺中市北區漢口路四段357號號,04-22355918
新北市,三重區,謝明宏小兒科,新北市三重區中華路43號,02-29816425
新北市,深坑區,謝家庭醫學科診所,新北市深坑區北深路二段200號,02-26628081
新竹市,東區,謝德貴兒童診所,新竹市東區光復路一段360-2號,03-6686666
桃園市,桃園區,鴻林耳鼻喉科診所,桃園市桃園區中正路567號,03-3377088
宜蘭縣,羅東鎮,藍正州小兒科診所,宜蘭縣羅東鎮南門路20號,03-9531168
彰化縣,鹿港鎮,豐安診所,彰化縣鹿港鎮海浴路11之1號,04-7746395
臺南市,新營區,顏內小兒科診所,臺南市新營區民權路82號,06-6320209
臺南市,安南區,魏大倫耳鼻喉科診所,臺南市安南區安和路一段356號,06-2568119
桃園市,大園區,懷德耳鼻喉科診所,桃園市大園區中正東路19-1號,03-3868878
桃園市,八德區,瀚文耳鼻喉科診所,桃園市八德區桃鶯路5號,03-3641252
新竹縣,新豐鄉,羅世績診所,新竹縣新豐鄉建興路一段154-10號,03-5593399
新北市,土城區,羅林小兒科診所,新北市土城區裕民路83號1、2樓,02-82733026
新北市,新莊區,寶祥診所,新北市新莊區中平路53號,02-29960303
桃園市,桃園區,寶順診所,桃園市桃園區寶山街239號,03-3560127
新北市,新店區,耀程耳鼻喉科診所,新北市新店區三民路66號,02-29171110
新北市,蘆洲區,蘆洲現代耳鼻喉科診所,新北市蘆洲區集賢路306號1樓,02-82811112
新北市,蘆洲區,蘆洲集賢耳鼻喉科診所,新北市蘆洲區集賢路306號1樓,02-82811112
臺中市,西屯區,蘇家龍診所,臺中市西屯區黎明路三段421號,04-27085151
臺中市,北屯區,蘇游耳鼻喉科診所,台中市北屯區昌平路一段99之3號,04-22462420
臺中市,南屯區,蘇德慶診所,臺中市南屯區東興路二段57號1樓,04-24717572
桃園市,中壢區,馨心親子耳鼻喉科診所,桃園市中壢區中山東路二段536號1樓,03-4655665
